Unit_ID,Primary_Channel,Spike_Time_s
21,29,0.29778571428571426
2,4,0.3315714285714286
18,22,0.7974285714285714
28,35,0.873
39,54,0.893
21,29,1.0967142857142858
39,54,1.2442142857142857
26,34,1.3611428571428572
5,6,1.394
40,57,1.4053571428571427
22,29,1.673
26,34,1.8317142857142856
39,54,2.0236428571428573
2,4,2.2031428571428573
39,54,2.33
28,35,2.455
5,6,2.5117142857142856
35,42,2.540642857142857
21,29,2.7230714285714286
32,39,2.7712142857142856
31,39,2.7767142857142857
39,54,2.8641428571428573
39,54,3.0710714285714285
28,35,3.088
32,39,3.111
39,54,3.6575714285714285
12,15,3.7845
40,57,3.8589285714285713
32,39,4.256785714285714
18,22,4.337571428571429
39,54,4.446
32,39,4.566285714285715
13,15,4.597071428571429
21,29,4.600357142857143
39,54,4.7885
18,22,4.9905
21,29,5.211142857142857
0,1,5.415928571428571
18,22,5.4765
39,54,5.6635
2,4,5.771428571428571
13,15,5.874
22,29,5.966785714285714
43,63,5.9897857142857145
39,54,6.084
40,57,6.197857142857143
26,34,6.4903571428571425
39,54,6.523285714285715
13,15,7.042571428571429
4,6,7.057571428571428
12,15,7.686928571428571
26,34,7.820428571428572
32,39,7.963857142857143
20,26,8.152714285714286
14,19,8.200714285714286
9,11,8.21957142857143
39,54,8.3915
5,6,8.731785714285714
32,39,8.754
39,54,9.195285714285715
12,15,9.350857142857143
32,39,9.4985
39,54,9.609428571428571
9,11,9.638071428571429
9,11,9.814714285714286
32,39,10.122142857142856
18,22,10.154142857142856
0,1,10.281357142857143
40,57,10.38942857142857
22,29,10.531571428571429
21,29,10.5585
20,26,10.630785714285715
21,29,10.679
43,63,10.735142857142858
21,29,10.8855
32,39,11.55257142857143
27,35,11.58692857142857
40,57,11.593857142857143
28,35,11.775857142857143
18,22,11.973
32,39,12.5035
37,50,12.6505
14,19,12.842714285714285
32,39,12.877285714285714
39,54,13.055357142857142
39,54,13.092642857142858
21,29,13.249428571428572
5,6,13.411714285714286
32,39,13.664571428571428
39,54,14.045571428571428
39,54,14.072928571428571
19,23,14.669642857142858
18,22,14.686857142857143
31,39,14.995214285714285
14,19,15.027642857142856
26,34,15.051642857142857
4,6,15.055785714285713
28,35,15.302285714285714
18,22,15.533071428571429
39,54,16.04564285714286
28,35,16.5585
39,54,16.619214285714285
36,44,16.860857142857142
22,29,16.864642857142858
28,35,16.902428571428572
4,6,16.90957142857143
5,6,16.938642857142856
31,39,16.99792857142857
39,54,17.110285714285713
32,39,17.1555
27,35,17.18207142857143
35,42,17.306
39,54,17.356285714285715
32,39,17.364214285714286
39,54,18.262285714285714
43,63,18.303428571428572
14,19,18.34
32,39,18.358714285714285
28,35,18.471642857142857
32,39,18.591285714285714
5,6,18.768571428571427
39,54,18.840857142857143
39,54,18.850571428571428
26,34,18.946
14,19,19.27285714285714
39,54,19.289
31,39,19.420428571428573
32,39,19.502928571428573
39,54,19.68092857142857
39,54,20.129428571428573
36,44,20.51257142857143
18,22,20.5135
35,42,20.520857142857142
43,63,20.524214285714287
36,44,20.52807142857143
41,60,20.529285714285713
26,34,20.531214285714285
35,42,20.539142857142856
18,22,20.53964285714286
28,35,20.54357142857143
36,44,20.546
16,20,20.547
5,6,20.557785714285714
11,13,20.567357142857144
43,63,20.568714285714286
14,19,20.569642857142856
8,11,20.572857142857142
40,57,20.574571428571428
43,63,20.5755
21,29,20.580142857142857
21,29,20.583142857142857
39,54,20.585
30,36,20.585571428571427
0,1,20.586142857142857
37,50,20.587071428571427
18,22,20.588285714285714
26,34,20.589357142857143
36,44,20.593785714285715
30,36,20.6035
20,26,20.617428571428572
26,34,20.628785714285716
38,54,20.629428571428573
40,57,20.63264285714286
21,29,20.634357142857144
5,6,20.64057142857143
21,29,20.643214285714286
20,26,20.645857142857142
26,34,20.64742857142857
22,29,20.651214285714286
14,19,20.655714285714286
20,26,20.656714285714287
36,44,20.658714285714286
20,26,20.66257142857143
35,42,20.663285714285713
19,23,20.666
11,13,20.67107142857143
4,6,20.671357142857143
5,6,20.673
21,29,20.674142857142858
26,34,20.6785
7,11,20.6805
30,36,20.688357142857143
39,54,20.68914285714286
20,26,20.690428571428573
37,50,20.706785714285715
28,35,20.713142857142856
22,29,20.717714285714287
23,30,20.721785714285716
21,29,20.728857142857144
36,44,20.739214285714286
5,6,20.74207142857143
26,34,20.758785714285715
1,4,20.7605
26,34,20.765857142857143
0,1,20.768214285714286
37,50,20.772642857142856
11,13,20.773285714285713
21,29,20.774428571428572
0,1,20.77942857142857
40,57,20.7825
14,19,20.784785714285714
5,6,20.786
10,13,20.792714285714286
15,19,20.797214285714286
20,26,20.7995
5,6,20.802642857142857
28,35,20.805857142857143
11,13,20.806214285714287
20,26,20.806714285714285
43,63,20.810214285714284
20,26,20.813214285714285
5,6,20.8185
36,44,20.821928571428572
28,35,20.823785714285716
34,42,20.824714285714286
12,15,20.825714285714287
17,22,20.82692857142857
41,60,20.829285714285714
21,29,20.830357142857142
23,30,20.8355
27,35,20.840642857142857
36,44,20.84242857142857
26,34,20.84435714285714
32,39,20.84542857142857
30,36,20.849
12,15,20.851142857142857
5,6,20.85742857142857
28,35,20.863214285714285
35,42,20.864285714285714
36,44,20.871214285714284
18,22,20.871928571428572
5,6,20.872714285714284
27,35,20.873142857142856
22,29,20.874357142857143
36,44,20.87607142857143
10,13,20.877285714285716
30,36,20.8785
1,4,20.87907142857143
14,19,20.882285714285715
21,29,20.886214285714285
40,57,20.886785714285715
43,63,20.887714285714285
20,26,20.888214285714287
18,22,20.893571428571427
4,6,20.894642857142856
20,26,20.895642857142857
26,34,20.898
39,54,20.90007142857143
30,36,20.901
21,29,20.902
36,44,20.903214285714284
5,6,20.905
14,19,20.906
18,22,20.907214285714286
20,26,20.9115
18,22,20.913071428571428
28,35,20.915214285714285
37,50,20.917142857142856
30,36,20.918928571428573
18,22,20.920714285714286
21,29,20.92235714285714
36,44,20.924357142857144
20,26,20.925642857142858
27,35,20.933142857142858
7,11,20.9335
20,26,20.9365
9,11,20.936714285714285
27,35,20.939785714285716
20,26,20.941
36,44,20.94307142857143
20,26,20.949928571428572
26,34,20.950642857142856
35,42,20.951857142857143
18,22,20.95207142857143
21,29,20.955142857142857
36,44,20.9595
6,7,20.960785714285713
36,44,20.965285714285713
34,42,20.966428571428573
30,36,20.9705
39,54,20.971285714285713
5,6,20.973
19,23,20.974357142857144
26,34,20.976285714285716
43,63,20.98
22,29,20.983857142857143
5,6,20.984357142857142
27,35,20.986642857142858
27,35,20.993785714285714
5,6,20.9955
21,29,21.000071428571427
16,20,21.002785714285714
20,26,21.007857142857144
5,6,21.010928571428572
35,42,21.013571428571428
11,13,21.033428571428573
34,42,21.039142857142856
21,29,21.0425
40,57,21.046142857142858
41,60,21.047642857142858
21,29,21.056571428571427
10,13,21.065857142857144
26,34,21.078214285714285
43,63,21.083642857142856
9,11,21.087071428571427
18,22,21.09042857142857
28,35,21.091428571428573
40,57,21.093857142857143
36,44,21.09435714285714
0,1,21.10007142857143
44,63,21.107
34,42,21.107857142857142
23,30,21.112
43,63,21.1165
18,22,21.118928571428572
5,6,21.124357142857143
21,29,21.13157142857143
44,63,21.13307142857143
18,22,21.1355
5,6,21.138571428571428
18,22,21.139785714285715
3,5,21.143642857142858
36,44,21.14442857142857
37,50,21.147214285714284
21,29,21.151142857142858
40,57,21.15564285714286
10,13,21.15685714285714
36,44,21.158
43,63,21.15864285714286
28,35,21.1595
44,63,21.163714285714285
10,13,21.1705
36,44,21.172
28,35,21.177071428571427
18,22,21.183357142857144
1,4,21.184428571428572
11,13,21.190857142857144
22,29,21.192071428571428
43,63,21.193357142857142
21,29,21.194642857142856
10,13,21.196714285714286
26,34,21.19857142857143
14,19,21.20057142857143
28,35,21.20114285714286
36,44,21.20692857142857
21,29,21.20807142857143
36,44,21.211
21,29,21.2125
20,26,21.21607142857143
36,44,21.217214285714284
14,19,21.220285714285716
1,4,21.22157142857143
26,34,21.223214285714285
21,29,21.22492857142857
41,60,21.226142857142857
28,35,21.22657142857143
21,29,21.228857142857144
21,29,21.2345
43,63,21.238071428571427
20,26,21.23935714285714
40,57,21.241642857142857
14,19,21.244642857142857
10,13,21.248428571428573
21,29,21.25107142857143
26,34,21.2535
14,19,21.254
36,44,21.25764285714286
5,6,21.25914285714286
11,13,21.267785714285715
28,35,21.269214285714284
9,11,21.27192857142857
39,54,21.27342857142857
14,19,21.28185714285714
11,13,21.288785714285716
22,29,21.289357142857142
28,35,21.29307142857143
10,13,21.294357142857145
1,4,21.295857142857145
35,42,21.310142857142857
26,34,21.314285714285713
23,30,21.316857142857142
28,35,21.319214285714285
19,23,21.322642857142856
10,13,21.32692857142857
43,63,21.32842857142857
27,35,21.32935714285714
2,4,21.331
10,13,21.339285714285715
28,35,21.34042857142857
18,22,21.34314285714286
23,30,21.345642857142856
32,39,21.353928571428572
11,13,21.3545
43,63,21.35557142857143
5,6,21.356214285714287
1,4,21.36192857142857
36,44,21.375357142857144
28,35,21.376857142857144
40,57,21.377285714285716
26,34,21.39757142857143
28,35,21.398714285714284
18,22,21.41957142857143
1,4,21.420571428571428
11,13,21.421142857142858
30,36,21.426285714285715
44,63,21.42892857142857
35,42,21.429357142857143
11,13,21.44
14,19,21.451642857142858
36,44,21.45642857142857
35,42,21.46542857142857
43,63,21.476714285714287
28,35,21.479785714285715
18,22,21.482214285714285
11,13,21.496
40,57,21.49892857142857
14,19,21.5
26,34,21.5025
37,50,21.51592857142857
32,39,21.518642857142858
32,39,21.52192857142857
28,35,21.53007142857143
33,42,21.534142857142857
11,13,21.53757142857143
26,34,21.54692857142857
28,35,21.549642857142857
10,13,21.558142857142858
22,29,21.559785714285713
44,63,21.5605
36,44,21.563285714285715
5,6,21.571285714285715
5,6,21.57935714285714
28,35,21.580571428571428
7,11,21.58942857142857
43,63,21.590642857142857
6,7,21.594285714285714
11,13,21.61392857142857
9,11,21.621714285714287
3,5,21.62392857142857
36,44,21.63357142857143
28,35,21.639928571428573
22,29,21.641285714285715
10,13,21.642857142857142
44,63,21.644642857142856
41,60,21.647214285714284
40,57,21.6605
21,29,21.67
18,22,21.673357142857142
20,26,21.675571428571427
21,29,21.679142857142857
11,13,21.679928571428572
4,6,21.68585714285714
28,35,21.69
26,34,21.690857142857144
33,42,21.694714285714287
11,13,21.698285714285714
42,60,21.705357142857142
0,1,21.71035714285714
36,44,21.719285714285714
43,63,21.724642857142857
10,13,21.731142857142856
36,44,21.732785714285715
21,29,21.74307142857143
0,1,21.743714285714287
2,4,21.750857142857143
10,13,21.75192857142857
23,30,21.753357142857144
28,35,21.756285714285713
26,34,21.757142857142856
10,13,21.757785714285713
21,29,21.75957142857143
1,4,21.761642857142856
44,63,21.767142857142858
33,42,21.769357142857142
28,35,21.770714285714284
21,29,21.773071428571427
11,13,21.77992857142857
12,15,21.7805
5,6,21.78107142857143
16,20,21.786214285714287
18,22,21.79207142857143
21,29,21.80107142857143
21,29,21.817714285714285
40,57,21.8235
21,29,21.83607142857143
21,29,21.850285714285715
26,34,21.864857142857144
11,13,21.866142857142858
1,4,21.86807142857143
40,57,21.88607142857143
36,44,21.887642857142858
10,13,21.89635714285714
28,35,21.901142857142858
43,63,21.919642857142858
40,57,21.93407142857143
26,34,21.942714285714285
0,1,21.95264285714286
11,13,21.95842857142857
14,19,21.967214285714284
21,29,21.971
17,22,21.973285714285716
28,35,21.975571428571428
25,31,21.979357142857143
11,13,21.981
30,36,21.983785714285716
5,6,21.993285714285715
36,44,21.996785714285714
40,57,21.99757142857143
28,35,22.002285714285716
5,6,22.007357142857142
14,19,22.02707142857143
42,60,22.0315
36,44,22.04007142857143
28,35,22.042785714285714
26,34,22.048357142857142
18,22,22.070285714285713
2,4,22.077
35,42,22.09407142857143
44,63,22.100285714285715
36,44,22.11342857142857
10,13,22.13307142857143
40,57,22.13657142857143
10,13,22.14185714285714
26,34,22.143142857142855
40,57,22.14907142857143
28,35,22.155142857142856
18,22,22.161714285714286
18,22,22.199571428571428
28,35,22.205142857142857
0,1,22.209142857142858
40,57,22.21542857142857
40,57,22.221714285714285
11,13,22.228714285714286
40,57,22.230214285714286
11,13,22.2575
28,35,22.26
26,34,22.261142857142858
21,29,22.262285714285714
36,44,22.269571428571428
44,63,22.273285714285713
31,39,22.28242857142857
10,13,22.29207142857143
18,22,22.298285714285715
10,13,22.301928571428572
0,1,22.304
40,57,22.30757142857143
28,35,22.310214285714284
40,57,22.31264285714286
18,22,22.314357142857144
28,35,22.330142857142857
43,63,22.33235714285714
9,11,22.334214285714285
18,22,22.393
40,57,22.455785714285714
35,42,22.458357142857142
0,1,22.464785714285714
30,36,22.466785714285713
21,29,22.476928571428573
10,13,22.482928571428573
28,35,22.489857142857144
24,31,22.499142857142857
5,6,22.515642857142858
0,1,22.528928571428573
36,44,22.590857142857143
40,57,22.62335714285714
28,35,22.636285714285716
11,13,22.637
40,57,22.64014285714286
0,1,22.6505
28,35,22.66042857142857
43,63,22.662
17,22,22.666285714285713
1,4,22.684285714285714
30,36,22.685714285714287
10,13,22.68992857142857
36,44,22.693285714285715
15,19,22.69457142857143
21,29,22.7125
18,22,22.74835714285714
35,42,22.7515
12,15,22.75692857142857
0,1,22.7635
40,57,22.78692857142857
40,57,22.795571428571428
36,44,22.8015
12,15,22.808
24,31,22.824857142857145
0,1,22.830142857142857
32,39,22.865928571428572
28,35,22.87035714285714
11,13,22.893714285714285
11,13,22.92757142857143
28,35,22.94142857142857
5,6,22.949714285714286
11,13,22.951714285714285
35,42,22.952857142857145
36,44,22.95735714285714
17,22,22.9635
0,1,22.964142857142857
15,19,22.998142857142856
43,63,23.005928571428573
0,1,23.018785714285713
28,35,23.020857142857142
35,42,23.036142857142856
40,57,23.044071428571428
28,35,23.065214285714287
25,31,23.204214285714286
4,6,23.226714285714287
36,44,23.230785714285716
32,39,23.239142857142856
18,22,23.242
35,42,23.2615
11,13,23.26292857142857
40,57,23.264285714285716
29,36,23.2675
14,19,23.273071428571427
11,13,23.28142857142857
0,1,23.288857142857143
5,6,23.297214285714286
6,7,23.340642857142857
32,39,23.35757142857143
32,39,23.419285714285714
5,6,23.426642857142856
0,1,23.428428571428572
39,54,23.445
39,54,23.481857142857145
11,13,23.506642857142857
34,42,23.514285714285716
10,13,23.519785714285714
5,6,23.52542857142857
0,1,23.529285714285713
26,34,23.53664285714286
2,4,23.539857142857144
17,22,23.554142857142857
28,35,23.565142857142856
1,4,23.568571428571428
6,7,23.576214285714286
40,57,23.576714285714285
35,42,23.59164285714286
2,4,23.606785714285714
39,54,23.63792857142857
10,13,23.73357142857143
0,1,23.744
40,57,23.74492857142857
11,13,23.752642857142856
35,42,23.759357142857144
39,54,23.761642857142856
5,6,23.76407142857143
28,35,23.77492857142857
28,35,23.797
1,4,23.7985
10,13,23.806285714285714
0,1,23.847714285714286
39,54,23.870214285714287
5,6,23.907857142857143
31,39,23.922428571428572
10,13,23.942285714285713
32,39,24.007714285714286
40,57,24.01064285714286
9,11,24.040285714285716
21,29,24.044642857142858
5,6,24.054642857142856
28,35,24.082571428571427
35,42,24.095357142857143
5,6,24.096714285714285
23,30,24.111214285714286
2,4,24.157
0,1,24.212142857142858
28,35,24.28514285714286
35,42,24.30607142857143
11,13,24.321142857142856
5,6,24.33157142857143
28,35,24.34857142857143
35,42,24.349071428571428
29,36,24.3745
0,1,24.427142857142858
18,22,24.4355
10,13,24.445357142857144
5,6,24.451642857142858
1,4,24.466428571428573
18,22,24.491285714285713
2,4,24.49892857142857
10,13,24.52057142857143
43,63,24.578285714285713
0,1,24.629285714285714
39,54,24.6395
18,22,24.659857142857142
39,54,24.68107142857143
9,11,24.681785714285713
18,22,24.760857142857144
40,57,24.773857142857143
39,54,24.792142857142856
11,13,24.807714285714287
5,6,24.818571428571428
40,57,24.822
36,44,24.824857142857145
28,35,24.83657142857143
11,13,24.847
35,42,24.861142857142855
40,57,24.875214285714286
0,1,24.8925
32,39,24.90157142857143
41,60,24.97457142857143
0,1,24.990785714285714
5,6,25.00764285714286
32,39,25.04307142857143
0,1,25.075857142857142
18,22,25.08
5,6,25.086142857142857
25,31,25.104642857142856
0,1,25.137642857142858
28,35,25.35985714285714
0,1,25.38942857142857
11,13,25.484785714285714
1,4,25.513928571428572
28,35,25.51792857142857
1,4,25.733357142857145
0,1,25.812142857142856
0,1,26.180214285714285
11,13,26.228928571428572
10,13,26.261
18,22,26.310357142857143
42,60,26.31607142857143
11,13,26.494785714285715
13,15,26.58042857142857
36,44,26.593214285714286
32,39,26.6065
32,39,26.6225
20,26,26.895285714285713
0,1,26.978357142857142
20,26,26.99685714285714
0,1,27.093071428571427
0,1,27.293285714285716
18,22,27.343357142857144
41,60,27.370285714285714
39,54,27.55392857142857
7,11,27.77992857142857
18,22,27.787642857142856
10,13,27.791785714285716
18,22,27.802
21,29,27.80442857142857
36,44,27.808
24,31,27.814071428571427
43,63,27.82557142857143
28,35,27.826785714285716
31,39,27.838714285714286
28,35,27.843857142857143
5,6,27.845357142857143
26,34,27.845785714285714
36,44,27.855285714285714
40,57,27.857285714285716
36,44,27.860214285714285
10,13,27.86092857142857
11,13,27.865642857142856
24,31,27.86642857142857
2,4,27.866714285714284
40,57,27.869642857142857
26,34,27.883642857142856
35,42,27.886642857142856
15,19,27.887857142857143
36,44,27.889285714285716
28,35,27.89185714285714
30,36,27.898214285714285
10,13,27.898642857142857
0,1,27.90192857142857
36,44,27.903928571428573
21,29,27.90685714285714
44,63,27.911785714285713
36,44,27.912214285714285
24,31,27.913214285714286
30,36,27.92142857142857
5,6,27.9235
18,22,27.923714285714286
24,31,27.9245
42,60,27.930285714285713
27,35,27.930857142857143
26,34,27.93357142857143
36,44,27.935642857142856
26,34,27.936714285714285
19,23,27.939642857142857
13,15,27.947
43,63,27.94814285714286
5,6,27.951357142857145
40,57,27.956214285714285
41,60,27.956642857142857
29,36,27.958142857142857
36,44,27.958785714285714
6,7,27.9605
40,57,27.961357142857143
30,36,27.964285714285715
35,42,27.96707142857143
8,11,27.96785714285714
30,36,27.97292857142857
7,11,27.975357142857142
20,26,27.976214285714285
5,6,27.980642857142858
24,31,27.982285714285716
39,54,27.984714285714286
28,35,27.988214285714285
11,13,27.988785714285715
10,13,27.992142857142856
3,5,27.99657142857143
30,36,28.002214285714285
20,26,28.007785714285713
38,54,28.009642857142858
18,22,28.01007142857143
28,35,28.014285714285716
3,5,28.01514285714286
30,36,28.01592857142857
20,26,28.018
1,4,28.018642857142858
14,19,28.020285714285713
30,36,28.025
43,63,28.02642857142857
36,44,28.03592857142857
10,13,28.036714285714286
20,26,28.03857142857143
42,60,28.042142857142856
14,19,28.044071428571428
5,6,28.045928571428572
21,29,28.046714285714287
20,26,28.049857142857142
21,29,28.052714285714284
21,29,28.05635714285714
36,44,28.061071428571427
20,26,28.07542857142857
5,6,28.077
19,23,28.078857142857142
20,26,28.084357142857144
30,36,28.085142857142856
5,6,28.085571428571427
22,29,28.091214285714287
20,26,28.09314285714286
41,60,28.09357142857143
40,57,28.0945
14,19,28.096
26,34,28.0975
36,44,28.10742857142857
2,4,28.107857142857142
30,36,28.10892857142857
42,60,28.1095
20,26,28.111142857142855
30,36,28.12757142857143
14,19,28.128857142857143
9,11,28.132785714285713
18,22,28.135785714285714
9,11,28.138285714285715
27,35,28.138785714285714
10,13,28.141928571428572
18,22,28.143
35,42,28.143785714285713
40,57,28.145285714285713
20,26,28.14692857142857
14,19,28.157285714285713
20,26,28.161142857142856
26,34,28.162
30,36,28.1625
37,50,28.171214285714285
20,26,28.173357142857142
22,29,28.179357142857143
18,22,28.17985714285714
28,35,28.186071428571427
27,35,28.19142857142857
11,13,28.193357142857142
36,44,28.194857142857142
28,35,28.196142857142856
14,19,28.197
36,44,28.20307142857143
35,42,28.205285714285715
27,35,28.20807142857143
5,6,28.212714285714284
10,13,28.213142857142856
28,35,28.215071428571427
30,36,28.21857142857143
21,29,28.219428571428573
32,39,28.229142857142858
37,50,28.233214285714286
26,34,28.236
21,29,28.238214285714285
29,36,28.239285714285714
16,20,28.240642857142856
36,44,28.243
5,6,28.247642857142857
41,60,28.250714285714285
3,5,28.251142857142856
4,6,28.256
10,13,28.25957142857143
28,35,28.261142857142858
11,13,28.26292857142857
21,29,28.27057142857143
26,34,28.27135714285714
43,63,28.272285714285715
8,11,28.27642857142857
28,35,28.282642857142857
5,6,28.286857142857144
36,44,28.2885
14,19,28.29042857142857
21,29,28.292928571428572
5,6,28.2935
9,11,28.298928571428572
35,42,28.299642857142857
41,60,28.300142857142855
21,29,28.302357142857144
5,6,28.303857142857144
20,26,28.306
26,34,28.309142857142856
7,11,28.3115
40,57,28.3145
43,63,28.318142857142856
36,44,28.318785714285713
21,29,28.31957142857143
32,39,28.321714285714286
28,35,28.32657142857143
5,6,28.328857142857142
33,42,28.331071428571427
20,26,28.332714285714285
36,44,28.33807142857143
20,26,28.338642857142858
40,57,28.340642857142857
26,34,28.34092857142857
12,15,28.34842857142857
22,29,28.349285714285713
5,6,28.351
21,29,28.351857142857142
36,44,28.352785714285716
21,29,28.353357142857142
35,42,28.355285714285714
18,22,28.356285714285715
14,19,28.3585
20,26,28.359714285714286
21,29,28.361857142857144
1,4,28.363285714285713
36,44,28.366214285714285
10,13,28.369357142857144
5,6,28.369857142857143
41,60,28.37107142857143
30,36,28.372642857142857
20,26,28.373214285714287
40,57,28.374928571428573
36,44,28.375642857142857
41,60,28.37892857142857
38,54,28.38007142857143
36,44,28.383142857142857
40,57,28.38414285714286
28,35,28.384785714285716
20,26,28.386857142857142
1,4,28.390428571428572
20,26,28.393857142857144
26,34,28.395
20,26,28.400714285714287
36,44,28.403785714285714
35,42,28.4045
14,19,28.405428571428573
20,26,28.406214285714285
13,15,28.41164285714286
28,35,28.4135
9,11,28.415214285714285
35,42,28.422214285714286
5,6,28.424071428571427
20,26,28.43207142857143
41,60,28.4345
19,23,28.440428571428573
22,29,28.441642857142856
5,6,28.442285714285713
10,13,28.446714285714286
39,54,28.450928571428573
41,60,28.458642857142856
26,34,28.46007142857143
37,50,28.46035714285714
21,29,28.462285714285713
21,29,28.469142857142856
10,13,28.470285714285716
26,34,28.473857142857142
21,29,28.475
39,54,28.47564285714286
20,26,28.477
36,44,28.48635714285714
25,31,28.487357142857142
20,26,28.490714285714287
43,63,28.49442857142857
14,19,28.507142857142856
14,19,28.510928571428572
8,11,28.518285714285714
20,26,28.518785714285713
21,29,28.519285714285715
20,26,28.52557142857143
27,35,28.529357142857144
26,34,28.530214285714287
43,63,28.534714285714287
27,35,28.537142857142857
5,6,28.53757142857143
18,22,28.540357142857143
43,63,28.541785714285716
10,13,28.54357142857143
28,35,28.545857142857145
10,13,28.549142857142858
26,34,28.55142857142857
5,6,28.553285714285714
42,60,28.557714285714287
10,13,28.55857142857143
20,26,28.559
20,26,28.563357142857143
36,44,28.564285714285713
20,26,28.56742857142857
9,11,28.569142857142857
30,36,28.574285714285715
8,11,28.577285714285715
30,36,28.579857142857144
21,29,28.581142857142858
36,44,28.585857142857144
40,57,28.58807142857143
1,4,28.592214285714284
10,13,28.59342857142857
21,29,28.597142857142856
20,26,28.598928571428573
35,42,28.600214285714287
5,6,28.60257142857143
30,36,28.603214285714287
36,44,28.604285714285716
10,13,28.606857142857145
19,23,28.60707142857143
30,36,28.610285714285713
5,6,28.611071428571428
26,34,28.612642857142855
21,29,28.615285714285715
30,36,28.615928571428572
35,42,28.6175
21,29,28.62485714285714
20,26,28.626571428571427
28,35,28.62707142857143
10,13,28.63357142857143
5,6,28.635785714285714
35,42,28.641571428571428
26,34,28.642714285714284
35,42,28.6495
11,13,28.653285714285715
20,26,28.657
40,57,28.65807142857143
8,11,28.659785714285714
36,44,28.6605
20,26,28.663071428571428
21,29,28.669785714285716
30,36,28.670857142857145
39,54,28.67107142857143
20,26,28.672571428571427
1,4,28.677785714285715
20,26,28.68557142857143
5,6,28.6895
10,13,28.696285714285715
18,22,28.696714285714286
20,26,28.708928571428572
40,57,28.716714285714286
36,44,28.72
28,35,28.728214285714287
10,13,28.729357142857143
9,11,28.729928571428573
20,26,28.736785714285713
20,26,28.744
30,36,28.748285714285714
20,26,28.752
10,13,28.7545
20,26,28.758928571428573
11,13,28.760214285714287
36,44,28.762
23,30,28.767
28,35,28.772357142857143
10,13,28.779785714285715
26,34,28.780714285714286
44,63,28.7815
20,26,28.787357142857143
14,19,28.791214285714286
36,44,28.791785714285716
5,6,28.7925
37,50,28.794357142857145
20,26,28.796714285714287
28,35,28.800857142857144
20,26,28.80457142857143
39,54,28.806
14,19,28.806785714285713
23,30,28.809714285714286
21,29,28.812571428571427
36,44,28.814857142857143
36,44,28.819857142857142
20,26,28.821928571428572
18,22,28.827928571428572
20,26,28.829071428571428
22,29,28.834857142857143
20,26,28.836928571428572
29,36,28.84764285714286
8,11,28.84857142857143
11,13,28.8545
43,63,28.859285714285715
39,54,28.865
9,11,28.872071428571427
24,31,28.874285714285715
20,26,28.877214285714285
36,44,28.880928571428573
5,6,28.884357142857144
2,4,28.885428571428573
11,13,28.886214285714285
14,19,28.889928571428573
39,54,28.8925
20,26,28.89707142857143
10,13,28.900928571428572
14,19,28.90642857142857
26,34,28.907642857142857
28,35,28.914214285714287
20,26,28.914785714285713
21,29,28.918285714285716
28,35,28.930071428571427
26,34,28.947714285714287
14,19,28.95492857142857
28,35,28.960785714285713
10,13,28.968
36,44,28.982785714285715
44,63,28.987285714285715
36,44,28.99642857142857
20,26,29.009
35,42,29.01214285714286
18,22,29.019714285714286
36,44,29.033857142857144
23,30,29.035642857142857
21,29,29.037928571428573
26,34,29.048785714285714
14,19,29.050571428571427
0,1,29.072214285714285
20,26,29.0765
35,42,29.079071428571428
11,13,29.086785714285714
20,26,29.08757142857143
5,6,29.090642857142857
41,60,29.097857142857144
43,63,29.105357142857144
5,6,29.107357142857143
36,44,29.109142857142857
44,63,29.1115
28,35,29.112285714285715
11,13,29.113857142857142
10,13,29.116785714285715
16,20,29.12814285714286
5,6,29.129214285714287
15,19,29.130142857142857
3,5,29.13342857142857
10,13,29.145285714285713
40,57,29.148642857142857
20,26,29.152285714285714
10,13,29.152785714285713
28,35,29.153785714285714
42,60,29.156642857142856
22,29,29.161857142857144
26,34,29.168142857142858
22,29,29.170714285714286
5,6,29.172642857142858
21,29,29.174642857142857
5,6,29.185285714285715
11,13,29.18735714285714
35,42,29.201857142857143
21,29,29.219285714285714
32,39,29.24607142857143
32,39,29.273
40,57,29.285857142857143
20,26,29.297142857142855
26,34,29.299642857142857
30,36,29.30142857142857
28,35,29.305357142857144
37,50,29.308857142857143
35,42,29.3135
40,57,29.31507142857143
28,35,29.324571428571428
21,29,29.32507142857143
21,29,29.332
43,63,29.33292857142857
16,20,29.342714285714287
40,57,29.34314285714286
0,1,29.343714285714285
15,19,29.353785714285713
21,29,29.363
18,22,29.36692857142857
43,63,29.374214285714285
17,22,29.376142857142856
26,34,29.380285714285716
40,57,29.382214285714287
5,6,29.387071428571428
44,63,29.40657142857143
11,13,29.415142857142857
0,1,29.436
21,29,29.437214285714287
36,44,29.442357142857144
18,22,29.448642857142858
26,34,29.456857142857142
5,6,29.463857142857144
11,13,29.472285714285714
42,60,29.49357142857143
9,11,29.50314285714286
2,4,29.51685714285714
37,50,29.544
43,63,29.558785714285715
11,13,29.6105
40,57,29.662785714285715
32,39,29.744285714285713
40,57,29.76792857142857
42,60,29.81207142857143
21,29,29.829071428571428
10,13,29.8405
0,1,29.8515
28,35,29.852
11,13,29.853928571428572
28,35,29.888428571428573
11,13,29.92107142857143
5,6,29.924785714285715
35,42,29.949785714285714
10,13,29.9515
10,13,29.991857142857143
14,19,30.11507142857143
39,54,30.152785714285713
2,4,30.27
39,54,30.303
12,15,30.441642857142856
5,6,30.74007142857143
39,54,30.775357142857143
39,54,30.95957142857143
39,54,31.18842857142857
32,39,31.399714285714285
42,60,31.434642857142858
43,63,31.513214285714287
39,54,31.646
13,15,31.659857142857142
28,35,31.754285714285714
5,6,31.84435714285714
20,26,32.09328571428571
26,34,32.16614285714286
37,50,32.27857142857143
39,54,32.58078571428572
9,11,32.7145
39,54,33.28042857142857
12,15,33.328
28,35,33.3475
31,39,33.51985714285714
32,39,33.5265
39,54,33.605714285714285
35,42,33.71592857142857
32,39,33.80692857142857
2,4,34.12471428571428
37,50,34.39778571428572
18,22,34.42135714285714
43,63,34.46785714285714
43,63,34.88307142857143
32,39,34.90535714285714
39,54,34.949642857142855
32,39,34.97607142857143
39,54,35.07292857142857
36,44,35.17342857142857
37,50,35.19392857142857
32,39,35.32957142857143
32,39,35.35842857142857
39,54,35.44692857142857
20,26,35.608
21,29,35.786071428571425
31,39,36.0375
32,39,36.11042857142857
20,26,36.17285714285714
18,22,36.18342857142857
5,6,36.1895
36,44,36.197714285714284
21,29,36.20128571428572
11,13,36.20428571428572
40,57,36.20557142857143
9,11,36.20885714285714
43,63,36.210142857142856
28,35,36.21671428571429
43,63,36.218714285714285
14,19,36.2195
30,36,36.221714285714285
0,1,36.22342857142857
21,29,36.226214285714285
30,36,36.22757142857143
14,19,36.229571428571425
18,22,36.23135714285714
1,4,36.237071428571426
26,34,36.24807142857143
21,29,36.251357142857145
12,15,36.251714285714286
36,44,36.260642857142855
26,34,36.263285714285715
5,6,36.26492857142857
26,34,36.27092857142857
40,57,36.27857142857143
36,44,36.279428571428575
42,60,36.280857142857144
7,11,36.28485714285714
35,42,36.291785714285716
11,13,36.29335714285714
21,29,36.29685714285714
5,6,36.3005
20,26,36.30492857142857
42,60,36.307
3,5,36.310071428571426
40,57,36.31142857142857
36,44,36.314571428571426
14,19,36.31692857142857
10,13,36.31842857142857
20,26,36.32
38,54,36.32492857142857
20,26,36.33357142857143
30,36,36.33492857142857
5,6,36.33578571428571
28,35,36.33657142857143
26,34,36.33792857142857
20,26,36.33857142857143
21,29,36.339214285714284
10,13,36.34164285714286
21,29,36.344
21,29,36.34607142857143
21,29,36.350857142857144
20,26,36.3525
5,6,36.35764285714286
21,29,36.358714285714285
12,15,36.36392857142857
37,50,36.376714285714286
5,6,36.37942857142857
11,13,36.38435714285714
43,63,36.39178571428572
1,4,36.394214285714284
28,35,36.39507142857143
10,13,36.397357142857146
36,44,36.401857142857146
23,30,36.40457142857143
10,13,36.40535714285714
35,42,36.405928571428575
39,54,36.409571428571425
5,6,36.4125
20,26,36.41457142857143
14,19,36.4165
5,6,36.42021428571429
36,44,36.422285714285714
37,50,36.42321428571429
27,35,36.425642857142854
41,60,36.42635714285714
18,22,36.428714285714285
19,23,36.42971428571428
20,26,36.430142857142854
43,63,36.4325
29,36,36.43364285714286
14,19,36.43421428571428
26,34,36.43521428571429
36,44,36.4365
18,22,36.438857142857145
39,54,36.4395
4,6,36.4435
5,6,36.444785714285715
14,19,36.4455
28,35,36.44857142857143
5,6,36.449
35,42,36.4495
36,44,36.4505
14,19,36.45178571428571
28,35,36.452214285714284
30,36,36.45514285714286
20,26,36.45657142857143
19,23,36.45757142857143
5,6,36.45878571428572
10,13,36.460928571428575
26,34,36.461214285714284
30,36,36.46207142857143
41,60,36.466928571428575
21,29,36.469142857142856
37,50,36.472071428571425
28,35,36.478142857142856
16,20,36.480714285714285
20,26,36.48614285714286
21,29,36.488571428571426
1,4,36.48957142857143
30,36,36.49478571428571
11,13,36.495285714285714
1,4,36.496
39,54,36.49771428571429
35,42,36.498357142857145
36,44,36.50028571428572
12,15,36.50371428571429
37,50,36.50707142857143
20,26,36.507642857142855
26,34,36.511428571428574
30,36,36.51464285714286
19,23,36.5165
35,42,36.51914285714286
14,19,36.523857142857146
10,13,36.526
20,26,36.52907142857143
18,22,36.52957142857143
39,54,36.531
33,42,36.53371428571428
20,26,36.535357142857144
30,36,36.54557142857143
36,44,36.54792857142857
41,60,36.55164285714286
21,29,36.554
30,36,36.5565
40,57,36.55735714285714
21,29,36.559642857142855
36,44,36.56285714285714
20,26,36.565714285714286
26,34,36.568285714285715
20,26,36.5715
1,4,36.57407142857143
5,6,36.57492857142857
27,35,36.57835714285714
28,35,36.589357142857146
36,44,36.59
21,29,36.59064285714286
19,23,36.5915
43,63,36.59271428571429
21,29,36.59614285714286
26,34,36.60092857142857
20,26,36.602785714285716
8,11,36.607285714285716
40,57,36.608785714285716
20,26,36.609785714285714
36,44,36.613
8,11,36.616214285714285
20,26,36.617285714285714
35,42,36.61964285714286
18,22,36.62564285714286
12,15,36.6285
20,26,36.62914285714286
30,36,36.63128571428572
42,60,36.63185714285714
41,60,36.63621428571429
33,42,36.64042857142857
21,29,36.644
20,26,36.64557142857143
22,29,36.64592857142857
28,35,36.64964285714286
37,50,36.65078571428572
10,13,36.653214285714284
20,26,36.655142857142856
8,11,36.655928571428575
18,22,36.657
20,26,36.661
40,57,36.6615
28,35,36.661857142857144
26,34,36.66457142857143
19,23,36.667857142857144
27,35,36.672785714285716
42,60,36.67342857142857
5,6,36.674214285714285
14,19,36.6755
21,29,36.67771428571429
20,26,36.67842857142857
10,13,36.67892857142857
26,34,36.6815
28,35,36.68557142857143
35,42,36.68742857142857
20,26,36.692142857142855
1,4,36.69278571428571
18,22,36.69492857142857
28,35,36.69992857142857
14,19,36.701214285714286
39,54,36.702
5,6,36.705214285714284
36,44,36.70592857142857
2,4,36.706357142857144
9,11,36.70721428571429
30,36,36.7095
20,26,36.71335714285714
11,13,36.719071428571425
9,11,36.72228571428571
36,44,36.72871428571428
35,42,36.729214285714285
29,36,36.73
11,13,36.73285714285714
18,22,36.73342857142857
14,19,36.737071428571426
5,6,36.74107142857143
27,35,36.74328571428571
10,13,36.744571428571426
19,23,36.74664285714286
5,6,36.752
21,29,36.75607142857143
33,42,36.75821428571429
28,35,36.76421428571429
42,60,36.76857142857143
30,36,36.773428571428575
43,63,36.773857142857146
11,13,36.776357142857144
20,26,36.77771428571429
5,6,36.77878571428572
1,4,36.78228571428571
5,6,36.785642857142854
40,57,36.7875
26,34,36.78807142857143
12,15,36.790571428571425
43,63,36.792
36,44,36.79278571428571
28,35,36.794642857142854
21,29,36.798857142857145
4,6,36.80342857142857
11,13,36.80642857142857
5,6,36.813071428571426
41,60,36.814142857142855
37,50,36.821642857142855
30,36,36.82442857142857
11,13,36.83042857142857
40,57,36.83128571428571
39,54,36.83385714285714
0,1,36.83792857142857
21,29,36.840714285714284
33,42,36.84164285714286
18,22,36.84478571428571
10,13,36.84728571428571
20,26,36.84842857142857
5,6,36.855642857142854
20,26,36.856142857142856
19,23,36.85971428571428
20,26,36.86064285714286
21,29,36.86842857142857
1,4,36.870285714285714
10,13,36.87078571428572
28,35,36.87242857142857
43,63,36.87685714285714
5,6,36.88064285714286
11,13,36.882357142857146
28,35,36.88392857142857
1,4,36.88557142857143
16,20,36.88628571428571
27,35,36.887928571428574
41,60,36.88957142857143
20,26,36.89085714285714
9,11,36.89114285714286
32,39,36.893857142857144
20,26,36.898714285714284
3,5,36.90742857142857
21,29,36.91178571428571
11,13,36.912642857142856
20,26,36.91492857142857
43,63,36.916
36,44,36.91907142857143
20,26,36.92171428571429
11,13,36.924571428571426
36,44,36.927142857142854
30,36,36.92857142857143
28,35,36.93142857142857
22,29,36.93214285714286
44,63,36.93292857142857
21,29,36.93421428571428
20,26,36.94428571428571
10,13,36.946
28,35,36.95021428571429
5,6,36.964214285714284
28,35,36.969142857142856
7,11,36.970214285714285
40,57,36.977
12,15,36.98242857142857
5,6,36.98414285714286
20,26,36.98835714285714
11,13,36.9895
16,20,36.990857142857145
36,44,36.99207142857143
20,26,36.99614285714286
14,19,37.001285714285714
14,19,37.008428571428574
12,15,37.01014285714286
5,6,37.014
5,6,37.017428571428574
21,29,37.020428571428575
10,13,37.025285714285715
35,42,37.03192857142857
20,26,37.036071428571425
3,5,37.04821428571429
23,30,37.04992857142857
13,15,37.0595
26,34,37.05992857142857
28,35,37.06657142857143
21,29,37.08057142857143
5,6,37.081857142857146
14,19,37.08685714285714
35,42,37.090785714285715
36,44,37.097071428571425
20,26,37.0985
5,6,37.101142857142854
44,63,37.10478571428571
21,29,37.11264285714286
37,50,37.11521428571429
28,35,37.1315
35,42,37.13964285714286
39,54,37.14035714285714
26,34,37.14664285714286
1,4,37.154785714285715
35,42,37.15685714285714
28,35,37.16028571428571
4,6,37.16235714285714
36,44,37.165285714285716
5,6,37.1785
36,44,37.182071428571426
0,1,37.18935714285714
14,19,37.190357142857145
24,31,37.19457142857143
5,6,37.195142857142855
28,35,37.200714285714284
14,19,37.20735714285714
10,13,37.21192857142857
44,63,37.217285714285715
11,13,37.21814285714286
10,13,37.23421428571429
5,6,37.23614285714286
17,22,37.2445
28,35,37.25514285714286
37,50,37.25892857142857
36,44,37.259928571428574
15,19,37.26121428571429
18,22,37.28357142857143
32,39,37.288785714285716
35,42,37.291357142857144
26,34,37.29307142857143
9,11,37.294285714285714
19,23,37.298071428571426
1,4,37.298857142857145
28,35,37.308142857142855
5,6,37.314571428571426
10,13,37.31542857142857
40,57,37.31857142857143
10,13,37.33378571428572
5,6,37.3355
44,63,37.3555
36,44,37.35664285714286
36,44,37.36514285714286
40,57,37.36978571428571
23,30,37.379642857142855
26,34,37.38392857142857
28,35,37.388214285714284
4,6,37.402142857142856
10,13,37.425357142857145
5,6,37.431785714285716
28,35,37.446357142857146
26,34,37.45242857142857
1,4,37.4545
41,60,37.45814285714286
28,35,37.45885714285714
36,44,37.46635714285714
10,13,37.481142857142856
21,29,37.4855
35,42,37.48735714285714
21,29,37.49314285714286
15,19,37.49735714285714
23,30,37.50421428571428
40,57,37.508428571428574
21,29,37.519285714285715
10,13,37.531
0,1,37.54085714285714
28,35,37.552
16,20,37.563
11,13,37.565
39,54,37.56928571428571
16,20,37.57042857142857
28,35,37.571
43,63,37.57457142857143
10,13,37.57628571428572
28,35,37.60021428571429
21,29,37.61085714285714
14,19,37.61828571428571
11,13,37.624071428571426
40,57,37.63542857142857
40,57,37.64364285714286
26,34,37.65164285714286
11,13,37.6605
0,1,37.666
40,57,37.671214285714285
39,54,37.674
40,57,37.70507142857143
40,57,37.71071428571429
39,54,37.71328571428572
28,35,37.726285714285716
44,63,37.729
23,30,37.734857142857145
5,6,37.740071428571426
11,13,37.74214285714286
9,11,37.748357142857145
22,29,37.750571428571426
10,13,37.75778571428572
0,1,37.75907142857143
2,4,37.778285714285715
40,57,37.788357142857144
26,34,37.79378571428571
15,19,37.800714285714285
11,13,37.802214285714285
28,35,37.810071428571426
36,44,37.81621428571429
20,26,37.82892857142857
9,11,37.8295
40,57,37.83685714285714
36,44,37.83971428571429
3,5,37.85357142857143
16,20,37.86792857142857
11,13,37.8705
26,34,37.873714285714286
0,1,37.88157142857143
36,44,37.89707142857143
44,63,37.908142857142856
4,6,37.936928571428574
35,42,37.94135714285714
30,36,37.9445
28,35,37.947428571428574
40,57,37.96457142857143
11,13,37.96964285714286
36,44,37.983
26,34,37.984857142857145
18,22,37.989714285714285
21,29,37.99657142857143
10,13,37.99935714285714
15,19,38.02207142857143
14,19,38.025214285714284
28,35,38.03771428571429
35,42,38.06028571428571
17,22,38.07985714285714
21,29,38.10392857142857
40,57,38.104642857142856
23,30,38.11264285714286
35,42,38.17335714285714
28,35,38.182071428571426
18,22,38.18571428571428
32,39,38.21671428571429
24,31,38.264785714285715
37,50,38.31178571428571
28,35,38.327714285714286
40,57,38.329928571428574
0,1,38.34107142857143
28,35,38.39521428571429
15,19,38.40092857142857
10,13,38.42042857142857
39,54,38.42892857142857
21,29,38.45328571428571
18,22,38.463142857142856
40,57,38.495357142857145
28,35,38.5475
25,31,38.60542857142857
18,22,38.63585714285714
0,1,38.63842857142857
11,13,38.65085714285714
5,6,38.65535714285714
28,35,38.675642857142854
20,26,38.68071428571429
11,13,38.687
29,36,38.69414285714286
40,57,38.709428571428575
28,35,38.71478571428572
10,13,38.71778571428572
34,42,38.726
9,11,38.728142857142856
32,39,38.75271428571428
31,39,38.79835714285714
0,1,38.85221428571428
18,22,38.87907142857143
36,44,38.910785714285716
10,13,38.921214285714285
5,6,38.92171428571429
28,35,38.92628571428571
14,19,38.92992857142857
28,35,38.94128571428571
28,35,38.96592857142857
39,54,38.9775
0,1,38.997
4,6,39.01428571428571
10,13,39.06771428571429
18,22,39.133785714285715
36,44,39.1435
11,13,39.15564285714286
28,35,39.16457142857143
35,42,39.1665
17,22,39.1775
21,29,39.18664285714286
28,35,39.20892857142857
5,6,39.247928571428574
11,13,39.405928571428575
18,22,39.42328571428571
28,35,39.434285714285714
40,57,39.49042857142857
28,35,39.52585714285714
32,39,39.553357142857145
5,6,39.61985714285714
5,6,39.673071428571426
10,13,39.67471428571429
14,19,39.729
21,29,39.74242857142857
20,26,39.77742857142857
0,1,39.84464285714286
32,39,39.848642857142856
18,22,39.863285714285716
40,57,39.87007142857143
36,44,39.94564285714286
11,13,39.95021428571429
36,44,39.95257142857143
9,11,40.00407142857143
40,57,40.0175
21,29,40.0475
0,1,40.055571428571426
18,22,40.19757142857143
11,13,40.212428571428575
40,57,40.236642857142854
20,26,40.23871428571429
18,22,40.25064285714286
35,42,40.2665
18,22,40.27457142857143
28,35,40.27721428571429
18,22,40.30871428571429
0,1,40.320214285714286
0,1,40.674142857142854
11,13,40.69835714285714
5,6,40.69985714285714
11,13,40.71485714285714
39,54,40.73192857142857
0,1,40.885285714285715
10,13,40.95214285714286
39,54,41.17821428571428
10,13,41.34064285714286
10,13,41.36378571428571
36,44,41.384142857142855
28,35,41.39064285714286
18,22,41.39228571428571
28,35,41.41657142857143
5,6,41.42342857142857
40,57,41.438428571428574
36,44,41.456
0,1,41.470214285714285
39,54,41.47378571428571
43,63,41.47821428571429
43,63,41.49921428571429
21,29,41.50185714285714
26,34,41.50414285714286
28,35,41.505785714285715
40,57,41.51864285714286
1,4,41.526785714285715
10,13,41.53857142857143
42,60,41.541714285714285
11,13,41.54264285714286
26,34,41.54492857142857
36,44,41.54685714285714
18,22,41.547357142857145
36,44,41.54985714285714
1,4,41.550285714285714
5,6,41.55385714285714
5,6,41.557785714285714
9,11,41.561928571428574
15,19,41.56285714285714
43,63,41.56428571428572
28,35,41.565714285714286
11,13,41.56907142857143
28,35,41.573928571428574
36,44,41.57785714285714
5,6,41.58085714285714
43,63,41.58128571428571
28,35,41.588928571428575
37,50,41.589357142857146
2,4,41.59021428571429
40,57,41.59064285714286
43,63,41.59157142857143
27,35,41.60021428571429
26,34,41.60371428571428
30,36,41.608785714285716
23,30,41.60921428571429
26,34,41.61157142857143
2,4,41.61192857142857
32,39,41.61514285714286
41,60,41.617
22,29,41.62157142857143
18,22,41.62278571428571
10,13,41.623714285714286
30,36,41.62414285714286
14,19,41.625214285714286
20,26,41.626714285714286
37,50,41.631214285714286
21,29,41.63392857142857
27,35,41.6365
9,11,41.64207142857143
26,34,41.64264285714286
26,34,41.647
39,54,41.64807142857143
12,15,41.650214285714284
39,54,41.651857142857146
21,29,41.65521428571429
5,6,41.656642857142856
26,34,41.66028571428571
22,29,41.661071428571425
21,29,41.66285714285714
28,35,41.663785714285716
10,13,41.66578571428571
30,36,41.667142857142856
26,34,41.67464285714286
9,11,41.6755
42,60,41.67614285714286
1,4,41.678785714285716
8,11,41.6815
20,26,41.68271428571428
6,7,41.683571428571426
19,23,41.68414285714286
42,60,41.685071428571426
35,42,41.68707142857143
5,6,41.68864285714286
5,6,41.69171428571428
30,36,41.69714285714286
20,26,41.70092857142857
5,6,41.70478571428571
20,26,41.707
26,34,41.7085
5,6,41.70907142857143
30,36,41.71442857142857
39,54,41.71707142857143
5,6,41.72128571428571
20,26,41.7285
11,13,41.73207142857143
20,26,41.732571428571426
14,19,41.73357142857143
10,13,41.739
21,29,41.74071428571428
27,35,41.742785714285716
18,22,41.74728571428572
26,34,41.748357142857145
35,42,41.74964285714286
22,29,41.752428571428574
18,22,41.75757142857143
1,4,41.75807142857143
36,44,41.75857142857143
32,39,41.760285714285715
8,11,41.76657142857143
20,26,41.76721428571429
5,6,41.76842857142857
43,63,41.77057142857143
35,42,41.77578571428572
12,15,41.777857142857144
20,26,41.77842857142857
40,57,41.77928571428571
4,6,41.779714285714284
42,60,41.78042857142857
21,29,41.78357142857143
5,6,41.78407142857143
11,13,41.78478571428571
10,13,41.7965
5,6,41.797714285714285
21,29,41.803
5,6,41.80414285714286
28,35,41.805
18,22,41.80578571428571
20,26,41.80657142857143
14,19,41.809714285714286
20,26,41.81207142857143
1,4,41.81435714285714
37,50,41.81664285714286
21,29,41.82328571428572
35,42,41.82457142857143
10,13,41.82514285714286
1,4,41.82814285714286
7,11,41.82978571428571
21,29,41.83228571428572
28,35,41.841
22,29,41.84142857142857
41,60,41.84292857142857
18,22,41.845142857142854
5,6,41.845571428571425
26,34,41.85221428571428
42,60,41.85328571428571
38,54,41.861
11,13,41.8625
40,57,41.86521428571429
28,35,41.86592857142857
14,19,41.866571428571426
26,34,41.86964285714286
20,26,41.869928571428574
5,6,41.872928571428574
41,60,41.88485714285714
36,44,41.88628571428571
21,29,41.88742857142857
28,35,41.8885
21,29,41.88914285714286
35,42,41.89035714285714
20,26,41.899142857142856
21,29,41.90192857142857
30,36,41.90907142857143
43,63,41.91028571428571
22,29,41.918142857142854
40,57,41.918642857142856
21,29,41.92585714285714
26,34,41.930142857142854
41,60,41.93235714285714
26,34,41.933142857142855
10,13,41.935071428571426
30,36,41.936928571428574
5,6,41.940714285714286
36,44,41.94235714285714
10,13,41.9435
20,26,41.944428571428574
9,11,41.94871428571429
5,6,41.9605
32,39,41.961214285714284
20,26,41.962428571428575
9,11,41.963857142857144
36,44,41.967357142857146
1,4,41.96864285714286
30,36,41.97721428571428
36,44,41.978857142857144
27,35,41.98
1,4,41.98171428571428
20,26,41.98585714285714
14,19,41.99671428571428
30,36,42.00071428571429
38,54,42.00121428571428
20,26,42.00492857142857
41,60,42.00628571428572
12,15,42.00707142857143
20,26,42.00814285714286
5,6,42.00985714285714
5,6,42.01464285714286
3,5,42.01914285714286
5,6,42.0235
43,63,42.02457142857143
27,35,42.025285714285715
27,35,42.0285
5,6,42.03221428571428
30,36,42.033857142857144
14,19,42.034571428571425
26,34,42.03657142857143
1,4,42.042142857142856
40,57,42.045071428571426
42,60,42.04607142857143
27,35,42.04814285714286
35,42,42.04892857142857
5,6,42.04992857142857
30,36,42.0515
36,44,42.05292857142857
39,54,42.05792857142857
5,6,42.05864285714286
14,19,42.06357142857143
39,54,42.06471428571429
21,29,42.06728571428572
5,6,42.067928571428574
19,23,42.069857142857146
36,44,42.07057142857143
21,29,42.07264285714286
20,26,42.073
28,35,42.07371428571429
10,13,42.07535714285714
5,6,42.08007142857143
31,39,42.08092857142857
36,44,42.0845
20,26,42.08728571428571
36,44,42.08871428571429
26,34,42.09107142857143
30,36,42.09392857142857
6,7,42.0945
19,23,42.096642857142854
9,11,42.09835714285714
27,35,42.09957142857143
28,35,42.1175
5,6,42.12007142857143
41,60,42.12192857142857
35,42,42.12678571428572
22,29,42.128142857142855
10,13,42.128571428571426
21,29,42.1335
30,36,42.137142857142855
26,34,42.141
8,11,42.141642857142855
28,35,42.14635714285714
28,35,42.159
10,13,42.162642857142856
5,6,42.1645
40,57,42.168214285714285
26,34,42.16957142857143
20,26,42.188428571428574
21,29,42.199214285714284
28,35,42.206714285714284
11,13,42.20742857142857
36,44,42.212714285714284
20,26,42.21885714285714
43,63,42.222857142857144
13,15,42.22728571428571
43,63,42.22864285714286
20,26,42.2295
14,19,42.232214285714285
5,6,42.2395
28,35,42.241142857142854
21,29,42.2455
16,20,42.24628571428571
32,39,42.249428571428574
1,4,42.251357142857145
30,36,42.253214285714286
5,6,42.25442857142857
26,34,42.256
20,26,42.25942857142857
19,23,42.26007142857143
30,36,42.261785714285715
41,60,42.26614285714286
9,11,42.27464285714286
42,60,42.27721428571429
26,34,42.27742857142857
30,36,42.2815
20,26,42.283857142857144
43,63,42.28492857142857
20,26,42.287
10,13,42.28742857142857
36,44,42.288642857142854
1,4,42.28957142857143
14,19,42.29078571428571
35,42,42.295071428571426
39,54,42.29564285714286
26,34,42.296214285714285
7,11,42.3015
34,42,42.302142857142854
29,36,42.30342857142857
18,22,42.306285714285714
13,15,42.31857142857143
30,36,42.32264285714286
40,57,42.32371428571429
20,26,42.32671428571429
12,15,42.33085714285714
20,26,42.33507142857143
36,44,42.335857142857144
20,26,42.33807142857143
3,5,42.338928571428575
21,29,42.345
27,35,42.35028571428571
39,54,42.355357142857144
41,60,42.358357142857145
20,26,42.359071428571426
21,29,42.36085714285714
14,19,42.36557142857143
22,29,42.373285714285714
36,44,42.377857142857145
37,50,42.384928571428574
35,42,42.392857142857146
29,36,42.39485714285714
28,35,42.40078571428572
5,6,42.40492857142857
7,11,42.42635714285714
10,13,42.43978571428571
16,20,42.44021428571428
36,44,42.450428571428574
16,20,42.461642857142856
20,26,42.46635714285714
22,29,42.468785714285715
10,13,42.47128571428571
28,35,42.47442857142857
10,13,42.48192857142857
40,57,42.48307142857143
14,19,42.4845
21,29,42.48564285714286
32,39,42.486785714285716
30,36,42.49028571428571
35,42,42.49614285714286
41,60,42.50042857142857
40,57,42.512142857142855
26,34,42.51314285714286
28,35,42.515928571428574
40,57,42.517428571428574
42,60,42.525
36,44,42.52607142857143
8,11,42.53192857142857
44,63,42.54157142857143
36,44,42.55592857142857
35,42,42.562285714285714
40,57,42.59178571428571
43,63,42.592357142857146
11,13,42.59771428571428
14,19,42.601
0,1,42.618857142857145
28,35,42.620642857142855
5,6,42.624428571428574
19,23,42.634928571428574
10,13,42.638714285714286
40,57,42.64142857142857
10,13,42.642857142857146
5,6,42.65242857142857
20,26,42.6535
36,44,42.65428571428571
39,54,42.661
28,35,42.66442857142857
32,39,42.66764285714286
35,42,42.67392857142857
5,6,42.69271428571429
40,57,42.7015
35,42,42.72635714285714
44,63,42.737
20,26,42.754714285714286
35,42,42.76692857142857
34,42,42.787214285714285
26,34,42.78964285714286
32,39,42.80685714285714
40,57,42.818642857142855
22,29,42.823928571428574
21,29,42.949357142857146
21,29,42.96635714285714
21,29,43.018214285714286
14,19,43.02364285714286
18,22,43.02578571428572
10,13,43.05771428571428
18,22,43.11292857142857
21,29,43.12092857142857
39,54,43.15635714285714
36,44,43.22278571428571
40,57,43.24892857142857
37,50,43.255
8,11,43.435071428571426
25,31,43.541714285714285
25,31,43.85657142857143
28,35,43.86107142857143
25,31,43.86514285714286
39,54,44.14828571428571
26,34,44.23742857142857
39,54,44.3575
12,15,44.56392857142857
10,13,45.02
21,29,45.05728571428571
40,57,45.13064285714286
36,44,45.153642857142856
18,22,45.158142857142856
11,13,45.16235714285714
35,42,45.167142857142856
10,13,45.185
12,15,45.18778571428572
16,20,45.19642857142857
22,29,45.19878571428571
8,11,45.214642857142856
39,54,45.2185
28,35,45.228
36,44,45.23092857142857
43,63,45.2325
35,42,45.234857142857145
18,22,45.23892857142857
30,36,45.240071428571426
39,54,45.24935714285714
28,35,45.249785714285714
5,6,45.25492857142857
26,34,45.25635714285714
5,6,45.26357142857143
40,57,45.26414285714286
37,50,45.265928571428574
5,6,45.26692857142857
5,6,45.272214285714284
15,19,45.274928571428575
35,42,45.276357142857144
11,13,45.27692857142857
9,11,45.2795
18,22,45.28285714285714
5,6,45.286142857142856
20,26,45.28771428571429
1,4,45.294285714285714
21,29,45.296
2,4,45.30421428571429
27,35,45.305214285714285
40,57,45.306
43,63,45.30835714285714
41,60,45.31221428571428
36,44,45.313785714285714
20,26,45.31585714285714
36,44,45.31842857142857
14,19,45.31921428571429
26,34,45.319428571428574
11,13,45.319857142857146
5,6,45.32492857142857
36,44,45.32807142857143
37,50,45.32857142857143
19,23,45.33128571428571
5,6,45.332928571428575
30,36,45.33392857142857
20,26,45.33692857142857
21,29,45.337357142857144
27,35,45.33835714285714
43,63,45.339
27,35,45.34585714285714
21,29,45.35378571428571
30,36,45.35471428571429
10,13,45.35528571428571
40,57,45.356142857142856
35,42,45.35857142857143
20,26,45.35942857142857
43,63,45.3625
5,6,45.36792857142857
20,26,45.36842857142857
29,36,45.369
5,6,45.37271428571429
1,4,45.37535714285714
14,19,45.37835714285714
22,29,45.37878571428571
41,60,45.38142857142857
18,22,45.38657142857143
26,34,45.387
30,36,45.390214285714286
21,29,45.39335714285714
26,34,45.396857142857144
5,6,45.40557142857143
20,26,45.40714285714286
10,13,45.409642857142856
36,44,45.41792857142857
5,6,45.42057142857143
14,19,45.424
1,4,45.4255
36,44,45.42921428571429
11,13,45.429857142857145
43,63,45.43592857142857
20,26,45.438857142857145
26,34,45.439214285714286
39,54,45.44092857142857
43,63,45.442142857142855
30,36,45.443285714285715
36,44,45.445142857142855
21,29,45.44735714285714
21,29,45.45
39,54,45.4525
4,6,45.45307142857143
18,22,45.45364285714286
20,26,45.45878571428572
5,6,45.45892857142857
22,29,45.46114285714286
40,57,45.463928571428575
30,36,45.46478571428572
9,11,45.469857142857144
2,4,45.47185714285714
18,22,45.47707142857143
35,42,45.47842857142857
20,26,45.4795
18,22,45.48507142857143
5,6,45.48864285714286
22,29,45.4915
21,29,45.495714285714286
30,36,45.5
28,35,45.500571428571426
10,13,45.50178571428572
35,42,45.504642857142855
30,36,45.51257142857143
32,39,45.51985714285714
30,36,45.52107142857143
42,60,45.525
21,29,45.525357142857146
39,54,45.527928571428575
26,34,45.52892857142857
8,11,45.5315
26,34,45.5395
28,35,45.5435
20,26,45.54557142857143
35,42,45.54942857142857
42,60,45.553785714285716
5,6,45.554
1,4,45.55842857142857
36,44,45.559642857142855
36,44,45.56592857142857
35,42,45.566428571428574
11,13,45.5675
8,11,45.56878571428572
20,26,45.57378571428571
9,11,45.57657142857143
28,35,45.582142857142856
21,29,45.58371428571429
33,42,45.5875
5,6,45.59607142857143
35,42,45.597
21,29,45.60171428571429
37,50,45.602785714285716
35,42,45.605785714285716
10,13,45.60628571428571
26,34,45.608714285714285
9,11,45.60957142857143
20,26,45.613285714285716
28,35,45.61557142857143
27,35,45.62342857142857
10,13,45.6245
35,42,45.626
27,35,45.62757142857143
14,19,45.6355
36,44,45.63742857142857
5,6,45.63885714285714
32,39,45.64371428571429
21,29,45.64471428571429
8,11,45.64564285714286
27,35,45.65357142857143
40,57,45.654357142857144
33,42,45.65492857142857
28,35,45.66092857142857
33,42,45.670785714285714
12,15,45.6735
36,44,45.68185714285714
1,4,45.68971428571429
4,6,45.69171428571428
28,35,45.69342857142857
34,42,45.7005
41,60,45.7015
28,35,45.716142857142856
14,19,45.71814285714286
5,6,45.72228571428571
9,11,45.723214285714285
18,22,45.72414285714286
14,19,45.73057142857143
30,36,45.73307142857143
34,42,45.733714285714285
29,36,45.7375
10,13,45.741142857142854
30,36,45.745
8,11,45.747571428571426
1,4,45.750142857142855
43,63,45.76
36,44,45.76242857142857
40,57,45.763285714285715
18,22,45.765
22,29,45.76585714285714
18,22,45.766642857142855
21,29,45.7695
21,29,45.77307142857143
1,4,45.77807142857143
18,22,45.78221428571428
14,19,45.782642857142854
11,13,45.783071428571425
26,34,45.78892857142857
14,19,45.79242857142857
39,54,45.797
19,23,45.8005
28,35,45.80578571428571
10,13,45.81371428571428
5,6,45.817
36,44,45.82328571428572
19,23,45.82442857142857
14,19,45.82714285714286
23,30,45.83121428571429
28,35,45.83314285714286
4,6,45.83764285714286
40,57,45.84157142857143
32,39,45.85357142857143
14,19,45.85557142857143
26,34,45.857214285714285
5,6,45.85928571428571
34,42,45.866
44,63,45.868071428571426
5,6,45.868785714285714
18,22,45.87078571428572
41,60,45.88585714285714
23,30,45.88635714285714
28,35,45.889714285714284
8,11,45.89664285714286
11,13,45.90642857142857
36,44,45.909642857142856
40,57,45.919714285714285
26,34,45.922714285714285
30,36,45.936
20,26,45.942
43,63,45.9435
11,13,45.94685714285714
5,6,45.96214285714286
22,29,45.963142857142856
10,13,45.96714285714286
39,54,45.97142857142857
28,35,45.977785714285716
20,26,45.979642857142856
10,13,45.99285714285714
44,63,45.99485714285714
20,26,45.9985
20,26,46.00178571428572
15,19,46.00642857142857
21,29,46.02214285714286
35,42,46.03135714285714
30,36,46.045071428571426
36,44,46.05157142857143
1,4,46.05592857142857
36,44,46.05728571428571
11,13,46.06578571428572
35,42,46.0705
0,1,46.074714285714286
28,35,46.08857142857143
11,13,46.09007142857143
7,11,46.090714285714284
5,6,46.10507142857143
26,34,46.128214285714286
41,60,46.1365
40,57,46.143857142857144
32,39,46.15892857142857
44,63,46.16435714285714
21,29,46.16921428571428
39,54,46.221
22,29,46.230357142857144
35,42,46.24964285714286
10,13,46.25607142857143
11,13,46.284214285714285
35,42,46.29685714285714
35,42,46.31328571428571
32,39,46.34914285714286
21,29,46.37114285714286
4,6,46.416785714285716
10,13,46.54742857142857
39,54,46.62492857142857
39,54,46.65192857142857
0,1,46.654428571428575
24,31,46.67621428571429
11,13,46.69078571428572
0,1,46.79671428571429
32,39,46.80192857142857
39,54,46.829928571428574
32,39,46.908142857142856
11,13,46.93257142857143
25,31,46.95892857142857
20,26,47.024857142857144
39,54,47.089214285714284
31,39,47.123357142857145
0,1,47.18078571428571
0,1,47.22742857142857
32,39,47.25821428571429
9,11,47.26757142857143
12,15,47.36664285714286
19,23,47.449
0,1,47.497214285714286
24,31,47.525214285714284
31,39,47.53328571428571
40,57,47.553785714285716
37,50,47.6665
40,57,47.70885714285714
36,44,47.78392857142857
37,50,47.79835714285714
25,31,47.893214285714286
25,31,47.93821428571429
0,1,48.015142857142855
39,54,48.09435714285714
11,13,48.10707142857143
10,13,48.114
36,44,48.14342857142857
40,57,48.21492857142857
5,6,48.215428571428575
32,39,48.21885714285714
28,35,48.2355
35,42,48.246857142857145
36,44,48.249785714285714
40,57,48.25935714285714
37,50,48.27278571428572
43,63,48.27357142857143
26,34,48.28078571428571
18,22,48.28321428571429
38,54,48.293571428571425
28,35,48.314571428571426
37,50,48.33542857142857
11,13,48.33942857142857
1,4,48.34285714285714
9,11,48.346
26,34,48.35185714285714
21,29,48.356
28,35,48.36085714285714
39,54,48.3665
27,35,48.36721428571428
36,44,48.37321428571428
28,35,48.37878571428571
36,44,48.380857142857145
43,63,48.38478571428571
10,13,48.39214285714286
26,34,48.39335714285714
5,6,48.39442857142857
43,63,48.39778571428572
28,35,48.400285714285715
20,26,48.40392857142857
36,44,48.408
23,30,48.41192857142857
26,34,48.414
44,63,48.41621428571428
21,29,48.41771428571428
43,63,48.419285714285714
4,6,48.42135714285714
28,35,48.42178571428571
14,19,48.422357142857145
40,57,48.424285714285716
36,44,48.42521428571428
43,63,48.42621428571429
1,4,48.427142857142854
39,54,48.429857142857145
26,34,48.43528571428571
36,44,48.43864285714286
28,35,48.439571428571426
20,26,48.443642857142855
16,20,48.448142857142855
22,29,48.45314285714286
43,63,48.45435714285714
10,13,48.4585
26,34,48.46042857142857
36,44,48.46457142857143
11,13,48.478071428571425
22,29,48.479285714285716
30,36,48.481142857142856
10,13,48.48164285714286
2,4,48.483357142857145
43,63,48.484071428571426
26,34,48.485285714285716
12,15,48.489642857142854
30,36,48.495285714285714
14,19,48.496
14,19,48.497142857142855
6,7,48.503571428571426
21,29,48.505071428571426
9,11,48.507214285714284
20,26,48.507714285714286
18,22,48.50835714285714
38,54,48.50957142857143
20,26,48.514714285714284
41,60,48.516642857142855
24,31,48.51842857142857
14,19,48.51992857142857
5,6,48.521928571428575
21,29,48.52878571428572
17,22,48.529357142857144
5,6,48.53035714285714
26,34,48.534642857142856
14,19,48.53557142857143
21,29,48.53785714285714
20,26,48.538714285714285
40,57,48.53978571428571
28,35,48.54042857142857
9,11,48.54307142857143
28,35,48.5475
43,63,48.549285714285716
20,26,48.55171428571428
24,31,48.55428571428571
27,35,48.555285714285716
38,54,48.55542857142857
37,50,48.55657142857143
11,13,48.561
36,44,48.56242857142857
20,26,48.565
19,23,48.565714285714286
16,20,48.56778571428571
31,39,48.56957142857143
23,30,48.570142857142855
30,36,48.57335714285714
30,36,48.578857142857146
26,34,48.58307142857143
1,4,48.58871428571429
20,26,48.59064285714286
5,6,48.59285714285714
14,19,48.59385714285714
9,11,48.5965
30,36,48.59835714285714
26,34,48.599714285714285
21,29,48.60064285714286
5,6,48.601285714285716
16,20,48.6025
26,34,48.607142857142854
19,23,48.60892857142857
38,54,48.61
36,44,48.61292857142857
39,54,48.62
14,19,48.62642857142857
30,36,48.630857142857145
36,44,48.64071428571429
14,19,48.6465
36,44,48.64864285714286
9,11,48.64957142857143
40,57,48.658
9,11,48.6645
5,6,48.66607142857143
21,29,48.70092857142857
18,22,48.73028571428571
34,42,48.73885714285714
10,13,48.74214285714286
6,7,48.75535714285714
36,44,48.76414285714286
35,42,48.76692857142857
40,57,48.77271428571429
11,13,48.795
36,44,48.80321428571428
34,42,48.804785714285714
26,34,48.80571428571429
13,15,48.80828571428572
35,42,48.81028571428571
40,57,48.830714285714286
43,63,48.837428571428575
36,44,48.84885714285714
0,1,48.8545
44,63,48.86892857142857
40,57,48.871071428571426
18,22,48.90121428571429
35,42,48.904857142857146
11,13,48.90571428571429
37,50,48.90842857142857
26,34,48.91092857142857
32,39,48.914857142857144
6,7,48.933142857142855
4,6,48.93742857142857
10,13,48.940285714285714
35,42,48.955642857142855
40,57,48.957928571428575
10,13,48.97085714285714
35,42,48.980785714285716
31,39,48.98464285714286
26,34,48.98764285714286
14,19,49.1435
32,39,49.16385714285714
10,13,49.16614285714286
39,54,49.20035714285714
32,39,49.25492857142857
43,63,49.308142857142855
14,19,49.337
32,39,49.348142857142854
32,39,49.445928571428574
25,31,49.613285714285716
14,19,49.73764285714286
39,54,49.786142857142856
32,39,49.88542857142857
32,39,50.06478571428571
2,4,50.10407142857143
24,31,50.17257142857143
32,39,50.39928571428572
39,54,50.41342857142857
20,26,50.6225
39,54,50.837857142857146
40,57,50.99764285714286
43,63,51.08207142857143
35,42,51.088928571428575
9,11,51.215785714285715
39,54,51.23728571428571
18,22,51.511
12,15,51.62678571428572
32,39,51.70457142857143
2,4,52.056785714285716
36,44,52.15257142857143
5,6,52.25985714285714
2,4,52.358285714285714
10,13,52.55692857142857
21,29,52.59478571428571
32,39,52.62507142857143
39,54,53.19878571428571
14,19,53.47878571428571
32,39,53.52614285714286
42,60,53.59321428571429
2,4,53.68521428571429
39,54,53.97721428571428
18,22,54.053785714285716
32,39,54.26828571428572
18,22,54.36371428571429
39,54,54.55907142857143
39,54,54.6635
14,19,54.89814285714286
32,39,55.206
2,4,55.288357142857144
37,50,55.60628571428571
18,22,55.608642857142854
39,54,55.6195
39,54,55.71757142857143
2,4,55.7565
20,26,55.760714285714286
39,54,55.90042857142857
28,35,55.932
39,54,56.056285714285714
12,15,56.20142857142857
32,39,56.297714285714285
43,63,56.66757142857143
39,54,57.295785714285714
39,54,57.3745
5,6,57.45921428571429
36,44,57.562
40,57,57.76578571428571
2,4,58.29971428571429
2,4,58.808571428571426
39,54,58.97785714285714
32,39,59.441785714285714
39,54,59.45207142857143
32,39,59.594071428571425
18,22,59.62871428571429
18,22,59.87242857142857
